"DATE","TMP","ano","dia","hora","minuto","index"
2015-03-29 22:55:00,999.99,2015,88,22,55,6273
2015-04-11 04:59:00,999.99,2015,101,4,59,7156
2015-04-21 04:59:00,999.99,2015,111,4,59,7678
2015-04-22 04:59:00,999.99,2015,112,4,59,7751
2015-05-20 04:59:00,999.99,2015,140,4,59,9768
2015-05-27 04:59:00,999.99,2015,147,4,59,10273
2015-05-28 04:59:00,999.99,2015,148,4,59,10346
2015-05-28 07:55:00,999.99,2015,148,7,55,10355
2015-06-01 04:59:00,999.99,2015,152,4,59,10635
2015-06-09 04:59:00,999.99,2015,160,4,59,11212
2015-06-13 04:59:00,999.99,2015,164,4,59,11499
2015-06-16 04:59:00,999.99,2015,167,4,59,11716
2015-06-24 04:59:00,999.99,2015,175,4,59,12267
2015-07-02 04:59:00,999.99,2015,183,4,59,12838
2015-07-15 04:59:00,999.99,2015,196,4,59,13773
2015-07-16 04:59:00,999.99,2015,197,4,59,13846
2015-07-19 04:59:00,999.99,2015,200,4,59,14063
2015-07-19 21:55:00,999.99,2015,200,21,55,14114
2015-07-20 04:59:00,999.99,2015,201,4,59,14136
2015-07-27 04:59:00,999.99,2015,208,4,59,14641
2015-08-04 04:59:00,999.99,2015,216,4,59,15217
2015-08-12 04:59:00,999.99,2015,224,4,59,15794
2015-08-13 04:59:00,999.99,2015,225,4,59,15867
2015-08-16 04:59:00,999.99,2015,228,4,59,16084
2015-08-19 04:59:00,999.99,2015,231,4,59,16300
2015-08-26 04:59:00,999.99,2015,238,4,59,16789
2015-09-10 04:59:00,999.99,2015,253,4,59,17865
2016-01-11 04:59:00,999.99,2016,11,4,59,26481
2016-02-25 04:59:00,999.99,2016,56,4,59,29675
2016-03-17 04:59:00,999.99,2016,77,4,59,31188
2016-03-18 04:59:00,999.99,2016,78,4,59,31261
2016-04-03 11:35:00,999.99,2016,94,11,35,32433
2016-05-03 04:59:00,999.99,2016,124,4,59,34573
2016-05-05 19:55:00,999.99,2016,126,19,55,34762
2016-05-14 04:59:00,999.99,2016,135,4,59,35366
2016-05-28 04:59:00,999.99,2016,149,4,59,36373
2016-06-06 04:59:00,999.99,2016,158,4,59,37022
2016-06-08 04:59:00,999.99,2016,160,4,59,37167
2016-06-22 04:59:00,999.99,2016,174,4,59,38174
2016-06-29 04:59:00,999.99,2016,181,4,59,38679
2016-07-02 04:59:00,999.99,2016,184,4,59,38896
2016-07-08 04:59:00,999.99,2016,190,4,59,39327
2016-07-09 04:59:00,999.99,2016,191,4,59,39400
2016-07-10 04:59:00,999.99,2016,192,4,59,39472
2016-07-14 04:59:00,999.99,2016,196,4,59,39744
2016-07-15 04:59:00,999.99,2016,197,4,59,39817
2016-07-17 04:59:00,999.99,2016,199,4,59,39962
2016-07-18 04:59:00,999.99,2016,200,4,59,40035
2016-07-26 04:59:00,999.99,2016,208,4,59,40611
2016-08-02 04:59:00,999.99,2016,215,4,59,41114
2016-08-03 04:59:00,999.99,2016,216,4,59,41186
2016-08-11 04:59:00,999.99,2016,224,4,59,41733
2016-08-12 04:59:00,999.99,2016,225,4,59,41806
2016-08-13 04:59:00,999.99,2016,226,4,59,41879
2016-08-14 04:59:00,999.99,2016,227,4,59,41952
2016-08-15 04:59:00,999.99,2016,228,4,59,42025
2016-08-22 13:35:00,999.99,2016,235,13,35,42555
2016-09-20 04:59:00,999.99,2016,264,4,59,44618
2016-12-19 04:59:00,999.99,2016,354,4,59,51068
2017-02-16 04:59:00,999.99,2017,47,4,59,55307
2017-02-24 04:59:00,999.99,2017,55,4,59,55846
2017-02-25 11:55:00,999.99,2017,56,11,55,55939
2017-02-25 12:35:00,999.99,2017,56,12,35,55941
2017-02-25 12:55:00,999.99,2017,56,12,55,55942
2017-02-25 13:35:00,999.99,2017,56,13,35,55944
2017-02-25 13:55:00,999.99,2017,56,13,55,55945
2017-02-25 14:35:00,999.99,2017,56,14,35,55947
2017-02-25 14:55:00,999.99,2017,56,14,55,55948
2017-02-25 15:35:00,999.99,2017,56,15,35,55950
2017-02-25 15:55:00,999.99,2017,56,15,55,55951
2017-02-25 16:35:00,999.99,2017,56,16,35,55953
2017-02-25 16:55:00,999.99,2017,56,16,55,55954
2017-02-25 17:35:00,999.99,2017,56,17,35,55956
2017-02-25 17:55:00,999.99,2017,56,17,55,55957
2017-02-25 18:35:00,999.99,2017,56,18,35,55959
2017-02-25 18:55:00,999.99,2017,56,18,55,55960
2017-02-25 19:35:00,999.99,2017,56,19,35,55962
2017-02-25 19:55:00,999.99,2017,56,19,55,55963
2017-02-25 20:35:00,999.99,2017,56,20,35,55965
2017-02-25 20:55:00,999.99,2017,56,20,55,55966
2017-02-25 21:35:00,999.99,2017,56,21,35,55968
2017-02-25 21:55:00,999.99,2017,56,21,55,55969
2017-02-25 22:35:00,999.99,2017,56,22,35,55971
2017-02-25 22:55:00,999.99,2017,56,22,55,55972
2017-02-25 23:35:00,999.99,2017,56,23,35,55974
2017-02-25 23:55:00,999.99,2017,56,23,55,55975
2017-02-26 00:35:00,999.99,2017,57,0,35,55977
2017-02-26 00:55:00,999.99,2017,57,0,55,55978
2017-02-26 01:35:00,999.99,2017,57,1,35,55980
2017-02-26 01:55:00,999.99,2017,57,1,55,55981
2017-02-26 02:35:00,999.99,2017,57,2,35,55983
2017-02-26 02:55:00,999.99,2017,57,2,55,55984
2017-02-26 03:35:00,999.99,2017,57,3,35,55986
2017-02-26 03:55:00,999.99,2017,57,3,55,55987
2017-02-26 04:35:00,999.99,2017,57,4,35,55989
2017-02-26 04:55:00,999.99,2017,57,4,55,55990
2017-02-26 04:59:00,999.99,2017,57,4,59,55991
2017-02-26 05:35:00,999.99,2017,57,5,35,55993
2017-02-26 05:55:00,999.99,2017,57,5,55,55994
2017-02-26 06:35:00,999.99,2017,57,6,35,55996
2017-02-26 06:55:00,999.99,2017,57,6,55,55997
2017-02-26 07:35:00,999.99,2017,57,7,35,55999
2017-02-26 07:55:00,999.99,2017,57,7,55,56000
2017-02-26 08:35:00,999.99,2017,57,8,35,56002
2017-02-26 08:55:00,999.99,2017,57,8,55,56003
2017-02-26 09:35:00,999.99,2017,57,9,35,56005
2017-02-26 09:55:00,999.99,2017,57,9,55,56006
2017-02-26 10:35:00,999.99,2017,57,10,35,56008
2017-02-26 10:55:00,999.99,2017,57,10,55,56009
2017-02-26 11:35:00,999.99,2017,57,11,35,56011
2017-02-26 11:55:00,999.99,2017,57,11,55,56012
2017-02-26 12:55:00,999.99,2017,57,12,55,56015
2017-02-26 15:55:00,999.99,2017,57,15,55,56024
2017-02-26 16:55:00,999.99,2017,57,16,55,56027
2017-02-26 17:35:00,999.99,2017,57,17,35,56029
2017-02-26 17:55:00,999.99,2017,57,17,55,56030
2017-02-26 18:35:00,999.99,2017,57,18,35,56032
2017-02-26 18:55:00,999.99,2017,57,18,55,56033
2017-02-26 19:55:00,999.99,2017,57,19,55,56036
2017-02-26 20:55:00,999.99,2017,57,20,55,56039
2017-02-26 21:35:00,999.99,2017,57,21,35,56041
2017-02-26 21:55:00,999.99,2017,57,21,55,56042
2017-02-27 00:35:00,999.99,2017,58,0,35,56050
2017-02-27 00:55:00,999.99,2017,58,0,55,56051
2017-02-27 01:35:00,999.99,2017,58,1,35,56053
2017-02-27 01:55:00,999.99,2017,58,1,55,56054
2017-02-27 02:35:00,999.99,2017,58,2,35,56056
2017-02-27 02:55:00,999.99,2017,58,2,55,56057
2017-02-27 03:35:00,999.99,2017,58,3,35,56059
2017-02-27 03:55:00,999.99,2017,58,3,55,56060
2017-02-27 04:35:00,999.99,2017,58,4,35,56062
2017-02-27 04:55:00,999.99,2017,58,4,55,56063
2017-02-27 05:35:00,999.99,2017,58,5,35,56065
2017-02-27 05:55:00,999.99,2017,58,5,55,56066
2017-02-27 06:35:00,999.99,2017,58,6,35,56068
2017-02-27 06:55:00,999.99,2017,58,6,55,56069
2017-02-27 07:35:00,999.99,2017,58,7,35,56071
2017-02-27 07:55:00,999.99,2017,58,7,55,56072
2017-02-27 08:35:00,999.99,2017,58,8,35,56074
2017-02-27 08:55:00,999.99,2017,58,8,55,56075
2017-02-27 09:35:00,999.99,2017,58,9,35,56077
2017-02-27 09:55:00,999.99,2017,58,9,55,56078
2017-02-27 10:35:00,999.99,2017,58,10,35,56080
2017-02-27 10:55:00,999.99,2017,58,10,55,56081
2017-02-27 11:35:00,999.99,2017,58,11,35,56083
2017-02-27 11:55:00,999.99,2017,58,11,55,56084
2017-02-27 12:35:00,999.99,2017,58,12,35,56086
2017-02-27 12:55:00,999.99,2017,58,12,55,56087
2017-02-27 13:35:00,999.99,2017,58,13,35,56089
2017-02-27 13:55:00,999.99,2017,58,13,55,56090
2017-02-27 14:35:00,999.99,2017,58,14,35,56092
2017-02-27 14:55:00,999.99,2017,58,14,55,56093
2017-02-27 15:35:00,999.99,2017,58,15,35,56095
2017-02-27 15:55:00,999.99,2017,58,15,55,56096
2017-02-27 16:35:00,999.99,2017,58,16,35,56098
2017-02-27 16:55:00,999.99,2017,58,16,55,56099
2017-02-27 17:35:00,999.99,2017,58,17,35,56101
2017-02-27 17:55:00,999.99,2017,58,17,55,56102
2017-02-27 18:35:00,999.99,2017,58,18,35,56104
2017-02-27 18:55:00,999.99,2017,58,18,55,56105
2017-02-27 19:35:00,999.99,2017,58,19,35,56107
2017-02-27 19:55:00,999.99,2017,58,19,55,56108
2017-02-27 20:35:00,999.99,2017,58,20,35,56110
2017-02-27 20:55:00,999.99,2017,58,20,55,56111
2017-02-27 21:35:00,999.99,2017,58,21,35,56113
2017-02-27 21:55:00,999.99,2017,58,21,55,56114
2017-02-27 22:35:00,999.99,2017,58,22,35,56116
2017-02-27 22:55:00,999.99,2017,58,22,55,56117
2017-02-27 23:35:00,999.99,2017,58,23,35,56119
2017-02-27 23:55:00,999.99,2017,58,23,55,56120
2017-02-28 00:35:00,999.99,2017,59,0,35,56122
2017-02-28 00:55:00,999.99,2017,59,0,55,56123
2017-02-28 01:35:00,999.99,2017,59,1,35,56125
2017-02-28 01:55:00,999.99,2017,59,1,55,56126
2017-02-28 02:35:00,999.99,2017,59,2,35,56128
2017-02-28 03:35:00,999.99,2017,59,3,35,56130
2017-02-28 03:55:00,999.99,2017,59,3,55,56131
2017-02-28 04:35:00,999.99,2017,59,4,35,56133
2017-02-28 04:55:00,999.99,2017,59,4,55,56134
2017-02-28 05:35:00,999.99,2017,59,5,35,56136
2017-02-28 05:55:00,999.99,2017,59,5,55,56137
2017-02-28 06:35:00,999.99,2017,59,6,35,56139
2017-02-28 06:55:00,999.99,2017,59,6,55,56140
2017-02-28 07:35:00,999.99,2017,59,7,35,56142
2017-02-28 07:55:00,999.99,2017,59,7,55,56143
2017-02-28 08:35:00,999.99,2017,59,8,35,56145
2017-02-28 08:55:00,999.99,2017,59,8,55,56146
2017-02-28 09:35:00,999.99,2017,59,9,35,56148
2017-02-28 09:55:00,999.99,2017,59,9,55,56149
2017-02-28 10:35:00,999.99,2017,59,10,35,56151
2017-02-28 10:55:00,999.99,2017,59,10,55,56152
2017-02-28 11:35:00,999.99,2017,59,11,35,56154
2017-02-28 11:55:00,999.99,2017,59,11,55,56155
2017-02-28 12:35:00,999.99,2017,59,12,35,56157
2017-02-28 12:55:00,999.99,2017,59,12,55,56158
2017-02-28 13:35:00,999.99,2017,59,13,35,56160
2017-02-28 13:55:00,999.99,2017,59,13,55,56161
2017-02-28 14:35:00,999.99,2017,59,14,35,56163
2017-02-28 14:55:00,999.99,2017,59,14,55,56164
2017-02-28 15:35:00,999.99,2017,59,15,35,56166
2017-02-28 15:55:00,999.99,2017,59,15,55,56167
2017-02-28 16:35:00,999.99,2017,59,16,35,56169
2017-02-28 16:55:00,999.99,2017,59,16,55,56170
2017-02-28 17:35:00,999.99,2017,59,17,35,56172
2017-03-20 07:55:00,999.99,2017,79,7,55,57581
2017-03-22 19:35:00,999.99,2017,81,19,35,57760
2017-04-07 04:59:00,999.99,2017,97,4,59,58867
2017-04-10 21:35:00,999.99,2017,100,21,35,59132
2017-04-10 21:55:00,999.99,2017,100,21,55,59133
2017-04-11 00:35:00,999.99,2017,101,0,35,59135
2017-04-11 00:55:00,999.99,2017,101,0,55,59136
2017-04-11 01:35:00,999.99,2017,101,1,35,59138
2017-04-11 01:55:00,999.99,2017,101,1,55,59139
2017-04-11 02:35:00,999.99,2017,101,2,35,59141
2017-04-11 02:55:00,999.99,2017,101,2,55,59142
2017-04-11 03:35:00,999.99,2017,101,3,35,59144
2017-04-11 03:55:00,999.99,2017,101,3,55,59145
2017-04-11 04:35:00,999.99,2017,101,4,35,59147
2017-04-11 04:55:00,999.99,2017,101,4,55,59148
2017-04-11 05:35:00,999.99,2017,101,5,35,59150
2017-04-11 05:55:00,999.99,2017,101,5,55,59151
2017-04-11 06:35:00,999.99,2017,101,6,35,59153
2017-04-11 06:55:00,999.99,2017,101,6,55,59154
2017-04-11 07:35:00,999.99,2017,101,7,35,59156
2017-04-11 07:55:00,999.99,2017,101,7,55,59157
2017-04-11 08:35:00,999.99,2017,101,8,35,59159
2017-04-11 08:55:00,999.99,2017,101,8,55,59160
2017-04-11 09:35:00,999.99,2017,101,9,35,59162
2017-04-11 09:55:00,999.99,2017,101,9,55,59163
2017-04-11 10:35:00,999.99,2017,101,10,35,59165
2017-04-11 10:55:00,999.99,2017,101,10,55,59166
2017-04-11 11:35:00,999.99,2017,101,11,35,59168
2017-04-11 11:55:00,999.99,2017,101,11,55,59169
2017-04-11 12:35:00,999.99,2017,101,12,35,59171
2017-04-11 12:55:00,999.99,2017,101,12,55,59172
2017-04-11 13:35:00,999.99,2017,101,13,35,59174
2017-04-11 13:55:00,999.99,2017,101,13,55,59175
2017-04-11 14:35:00,999.99,2017,101,14,35,59177
2017-04-11 14:55:00,999.99,2017,101,14,55,59178
2017-04-11 15:35:00,999.99,2017,101,15,35,59180
2017-04-11 15:55:00,999.99,2017,101,15,55,59181
2017-04-11 16:35:00,999.99,2017,101,16,35,59183
2017-04-11 16:55:00,999.99,2017,101,16,55,59184
2017-04-11 17:35:00,999.99,2017,101,17,35,59186
2017-04-11 17:55:00,999.99,2017,101,17,55,59187
2017-04-11 18:35:00,999.99,2017,101,18,35,59189
2017-04-11 18:55:00,999.99,2017,101,18,55,59190
2017-04-11 19:35:00,999.99,2017,101,19,35,59192
2017-04-11 19:55:00,999.99,2017,101,19,55,59193
2017-04-11 20:35:00,999.99,2017,101,20,35,59195
2017-04-11 20:55:00,999.99,2017,101,20,55,59196
2017-04-11 21:35:00,999.99,2017,101,21,35,59198
2017-04-11 21:55:00,999.99,2017,101,21,55,59199
2017-04-11 22:35:00,999.99,2017,101,22,35,59201
2017-04-11 22:55:00,999.99,2017,101,22,55,59202
2017-04-11 23:35:00,999.99,2017,101,23,35,59204
2017-04-11 23:55:00,999.99,2017,101,23,55,59205
2017-04-12 00:35:00,999.99,2017,102,0,35,59207
2017-04-12 00:55:00,999.99,2017,102,0,55,59208
2017-04-12 01:35:00,999.99,2017,102,1,35,59210
2017-04-12 01:55:00,999.99,2017,102,1,55,59211
2017-04-12 02:35:00,999.99,2017,102,2,35,59213
2017-04-12 02:55:00,999.99,2017,102,2,55,59214
2017-04-12 03:35:00,999.99,2017,102,3,35,59216
2017-04-12 03:55:00,999.99,2017,102,3,55,59217
2017-04-12 04:35:00,999.99,2017,102,4,35,59219
2017-04-12 04:55:00,999.99,2017,102,4,55,59220
2017-04-12 05:35:00,999.99,2017,102,5,35,59222
2017-04-12 05:55:00,999.99,2017,102,5,55,59223
2017-04-12 06:35:00,999.99,2017,102,6,35,59225
2017-04-12 06:55:00,999.99,2017,102,6,55,59226
2017-04-12 07:35:00,999.99,2017,102,7,35,59228
2017-04-12 07:55:00,999.99,2017,102,7,55,59229
2017-04-12 08:35:00,999.99,2017,102,8,35,59231
2017-04-12 08:55:00,999.99,2017,102,8,55,59232
2017-04-12 09:35:00,999.99,2017,102,9,35,59234
2017-04-12 09:55:00,999.99,2017,102,9,55,59235
2017-04-12 10:35:00,999.99,2017,102,10,35,59237
2017-04-12 10:55:00,999.99,2017,102,10,55,59238
2017-04-12 11:35:00,999.99,2017,102,11,35,59240
2017-04-17 04:59:00,999.99,2017,107,4,59,59579
2017-04-21 04:59:00,999.99,2017,111,4,59,59868
2017-05-02 04:59:00,999.99,2017,122,4,59,60660
2017-05-26 04:59:00,999.99,2017,146,4,59,62386
2017-06-01 04:59:00,999.99,2017,152,4,59,62819
2017-06-06 04:59:00,999.99,2017,157,4,59,63179
2017-06-07 04:59:00,999.99,2017,158,4,59,63251
2017-06-20 04:59:00,999.99,2017,171,4,59,64179
2017-06-28 04:59:00,999.99,2017,179,4,59,64707
2017-07-01 04:59:00,999.99,2017,182,4,59,64924
2017-07-02 04:59:00,999.99,2017,183,4,59,64997
2017-07-08 04:59:00,999.99,2017,189,4,59,65423
2017-07-10 15:35:00,999.99,2017,191,15,35,65599
2017-08-11 04:59:00,999.99,2017,223,4,59,65623
2017-08-12 04:59:00,999.99,2017,224,4,59,65671
2017-08-13 04:59:00,999.99,2017,225,4,59,65706
2017-08-14 04:59:00,999.99,2017,226,4,59,65742
2017-08-15 04:59:00,999.99,2017,227,4,59,65768
2017-08-16 04:59:00,999.99,2017,228,4,59,65817
2017-08-17 04:59:00,999.99,2017,229,4,59,65853
2017-08-18 04:59:00,999.99,2017,230,4,59,65881
2017-08-19 04:59:00,999.99,2017,231,4,59,65941
2017-08-20 04:59:00,999.99,2017,232,4,59,65981
2017-08-22 04:59:00,999.99,2017,234,4,59,66040
2017-08-23 04:59:00,999.99,2017,235,4,59,66098
2017-08-24 04:59:00,999.99,2017,236,4,59,66127
2017-08-25 04:59:00,999.99,2017,237,4,59,66151
2017-08-26 04:59:00,999.99,2017,238,4,59,66177
2017-08-27 04:59:00,999.99,2017,239,4,59,66201
2017-08-28 04:59:00,999.99,2017,240,4,59,66226
2017-08-29 04:59:00,999.99,2017,241,4,59,66252
2017-08-30 04:59:00,999.99,2017,242,4,59,66286
2017-08-31 04:59:00,999.99,2017,243,4,59,66315
2017-09-01 04:59:00,999.99,2017,244,4,59,66346
2017-09-02 04:59:00,999.99,2017,245,4,59,66370
2017-09-03 04:59:00,999.99,2017,246,4,59,66401
2017-09-04 04:59:00,999.99,2017,247,4,59,66450
2017-09-05 04:59:00,999.99,2017,248,4,59,66479
2017-09-06 04:59:00,999.99,2017,249,4,59,66519
2017-09-07 04:59:00,999.99,2017,250,4,59,66590
2017-09-08 04:59:00,999.99,2017,251,4,59,66638
2017-09-09 04:59:00,999.99,2017,252,4,59,66683
2017-09-10 04:59:00,999.99,2017,253,4,59,66715
2017-09-11 04:59:00,999.99,2017,254,4,59,66740
2017-09-12 04:59:00,999.99,2017,255,4,59,66765
2017-09-13 04:59:00,999.99,2017,256,4,59,66812
2017-09-14 04:59:00,999.99,2017,257,4,59,66845
2017-09-15 04:59:00,999.99,2017,258,4,59,66906
2017-09-16 04:59:00,999.99,2017,259,4,59,66962
2017-09-17 04:59:00,999.99,2017,260,4,59,67020
2017-09-18 04:59:00,999.99,2017,261,4,59,67061
2017-09-19 04:59:00,999.99,2017,262,4,59,67112
2017-09-20 04:59:00,999.99,2017,263,4,59,67156
2017-09-21 04:59:00,999.99,2017,264,4,59,67184
2017-09-22 04:59:00,999.99,2017,265,4,59,67209
2017-09-23 04:59:00,999.99,2017,266,4,59,67234
2017-09-24 04:59:00,999.99,2017,267,4,59,67259
2017-09-25 04:59:00,999.99,2017,268,4,59,67284
2017-09-26 04:59:00,999.99,2017,269,4,59,67307
2017-09-27 04:59:00,999.99,2017,270,4,59,67342
2017-09-28 04:59:00,999.99,2017,271,4,59,67375
2017-09-29 04:59:00,999.99,2017,272,4,59,67402
2017-09-30 04:59:00,999.99,2017,273,4,59,67427
2017-10-01 04:59:00,999.99,2017,274,4,59,67462
2017-10-02 04:59:00,999.99,2017,275,4,59,67487
2017-10-03 04:59:00,999.99,2017,276,4,59,67512
2017-10-04 04:59:00,999.99,2017,277,4,59,67536
2017-10-05 04:59:00,999.99,2017,278,4,59,67574
2017-10-06 04:59:00,999.99,2017,279,4,59,67602
2017-10-07 04:59:00,999.99,2017,280,4,59,67631
2017-10-08 04:59:00,999.99,2017,281,4,59,67662
2017-10-09 04:59:00,999.99,2017,282,4,59,67701
2017-10-10 04:59:00,999.99,2017,283,4,59,67767
2017-10-11 04:59:00,999.99,2017,284,4,59,67802
2017-10-12 04:59:00,999.99,2017,285,4,59,67835
2017-10-13 04:59:00,999.99,2017,286,4,59,67867
2017-10-14 04:59:00,999.99,2017,287,4,59,67898
2017-10-15 04:59:00,999.99,2017,288,4,59,67958
2017-10-16 04:59:00,999.99,2017,289,4,59,68004
2017-10-17 04:59:00,999.99,2017,290,4,59,68036
2017-10-18 04:59:00,999.99,2017,291,4,59,68061
2017-10-19 04:59:00,999.99,2017,292,4,59,68086
2017-10-21 04:59:00,999.99,2017,294,4,59,68135
2017-10-22 04:59:00,999.99,2017,295,4,59,68160
2017-10-24 04:59:00,999.99,2017,297,4,59,68230
2017-10-25 04:59:00,999.99,2017,298,4,59,68269
2017-10-26 04:59:00,999.99,2017,299,4,59,68296
2017-10-27 04:59:00,999.99,2017,300,4,59,68321
2017-10-28 04:59:00,999.99,2017,301,4,59,68346
2017-10-29 04:59:00,999.99,2017,302,4,59,68372
2017-10-30 04:59:00,999.99,2017,303,4,59,68413
2017-10-31 04:59:00,999.99,2017,304,4,59,68451
2017-11-01 04:59:00,999.99,2017,305,4,59,68475
2017-11-02 04:59:00,999.99,2017,306,4,59,68506
2017-11-03 04:59:00,999.99,2017,307,4,59,68542
2017-11-04 04:59:00,999.99,2017,308,4,59,68578
2017-11-05 04:59:00,999.99,2017,309,4,59,68604
2017-11-06 04:59:00,999.99,2017,310,4,59,68652
2017-11-07 04:59:00,999.99,2017,311,4,59,68696
2017-11-08 04:59:00,999.99,2017,312,4,59,68746
2017-11-09 04:59:00,999.99,2017,313,4,59,68794
2017-11-10 04:59:00,999.99,2017,314,4,59,68831
2017-11-11 04:59:00,999.99,2017,315,4,59,68865
2017-11-12 04:59:00,999.99,2017,316,4,59,68890
2017-11-13 04:59:00,999.99,2017,317,4,59,68915
2017-11-14 04:59:00,999.99,2017,318,4,59,68945
2017-11-16 04:59:00,999.99,2017,320,4,59,69004
2017-11-17 04:59:00,999.99,2017,321,4,59,69050
2017-11-18 04:59:00,999.99,2017,322,4,59,69081
2017-11-19 04:59:00,999.99,2017,323,4,59,69126
2017-11-20 04:59:00,999.99,2017,324,4,59,69181
2017-11-21 04:59:00,999.99,2017,325,4,59,69208
2017-11-22 04:59:00,999.99,2017,326,4,59,69231
2017-11-23 04:59:00,999.99,2017,327,4,59,69262
2017-11-24 04:59:00,999.99,2017,328,4,59,69295
2017-11-25 04:59:00,999.99,2017,329,4,59,69320
2017-11-26 04:59:00,999.99,2017,330,4,59,69345
2017-11-27 04:59:00,999.99,2017,331,4,59,69379
2017-11-28 04:59:00,999.99,2017,332,4,59,69406
2017-11-29 04:59:00,999.99,2017,333,4,59,69431
2017-11-30 04:59:00,999.99,2017,334,4,59,69456
2017-12-01 04:59:00,999.99,2017,335,4,59,69484
2017-12-02 04:59:00,999.99,2017,336,4,59,69523
2017-12-03 04:59:00,999.99,2017,337,4,59,69546
2017-12-04 04:59:00,999.99,2017,338,4,59,69583
2017-12-05 04:59:00,999.99,2017,339,4,59,69614
2017-12-10 04:59:00,999.99,2017,344,4,59,69689
2017-12-12 04:59:00,999.99,2017,346,4,59,69707
2017-12-13 04:59:00,999.99,2017,347,4,59,69711
2017-12-14 04:59:00,999.99,2017,348,4,59,69729
2017-12-15 04:59:00,999.99,2017,349,4,59,69776
2017-12-16 04:59:00,999.99,2017,350,4,59,69817
2017-12-17 04:59:00,999.99,2017,351,4,59,69853
2017-12-18 04:59:00,999.99,2017,352,4,59,69886
2017-12-19 04:59:00,999.99,2017,353,4,59,69931
2017-12-20 04:59:00,999.99,2017,354,4,59,69961
2017-12-21 04:59:00,999.99,2017,355,4,59,69986
2017-12-22 04:59:00,999.99,2017,356,4,59,70013
2017-12-23 04:59:00,999.99,2017,357,4,59,70053
2017-12-24 04:59:00,999.99,2017,358,4,59,70124
2017-12-25 04:59:00,999.99,2017,359,4,59,70160
2017-12-26 04:59:00,999.99,2017,360,4,59,70233
2017-12-27 04:59:00,999.99,2017,361,4,59,70258
2017-12-28 04:59:00,999.99,2017,362,4,59,70283
2017-12-29 04:59:00,999.99,2017,363,4,59,70310
2017-12-30 04:59:00,999.99,2017,364,4,59,70338
2017-12-31 04:59:00,999.99,2017,365,4,59,70392
2018-01-01 04:59:00,999.99,2018,1,4,59,70425
2018-01-03 04:59:00,999.99,2018,3,4,59,70481
2018-01-04 04:59:00,999.99,2018,4,4,59,70506
2018-01-05 04:59:00,999.99,2018,5,4,59,70570
2018-01-06 04:59:00,999.99,2018,6,4,59,70605
2018-01-07 04:59:00,999.99,2018,7,4,59,70629
2018-01-08 04:59:00,999.99,2018,8,4,59,70653
2018-01-09 04:59:00,999.99,2018,9,4,59,70690
2018-01-10 04:59:00,999.99,2018,10,4,59,70719
2018-01-11 04:59:00,999.99,2018,11,4,59,70752
2018-01-12 04:59:00,999.99,2018,12,4,59,70789
2018-01-13 04:59:00,999.99,2018,13,4,59,70855
2018-01-14 04:59:00,999.99,2018,14,4,59,70919
2018-01-15 04:59:00,999.99,2018,15,4,59,70944
2018-01-16 04:59:00,999.99,2018,16,4,59,70976
2018-01-17 04:59:00,999.99,2018,17,4,59,71050
2018-01-18 04:59:00,999.99,2018,18,4,59,71098
2018-01-19 04:59:00,999.99,2018,19,4,59,71126
2018-01-20 04:59:00,999.99,2018,20,4,59,71150
2018-01-21 04:59:00,999.99,2018,21,4,59,71175
2018-01-22 04:59:00,999.99,2018,22,4,59,71218
2018-01-23 04:59:00,999.99,2018,23,4,59,71278
2018-01-24 04:59:00,999.99,2018,24,4,59,71340
2018-01-25 04:59:00,999.99,2018,25,4,59,71370
2018-01-26 04:59:00,999.99,2018,26,4,59,71396
2018-01-27 04:59:00,999.99,2018,27,4,59,71420
2018-01-28 04:59:00,999.99,2018,28,4,59,71445
2018-01-29 04:59:00,999.99,2018,29,4,59,71486
2018-01-30 04:59:00,999.99,2018,30,4,59,71510
2018-01-31 04:59:00,999.99,2018,31,4,59,71549
2018-02-01 04:59:00,999.99,2018,32,4,59,71576
2018-02-02 04:56:00,999.99,2018,33,4,56,71617
2018-02-02 04:59:00,999.99,2018,33,4,59,71618
2018-02-03 04:59:00,999.99,2018,34,4,59,71653
2018-02-04 04:59:00,999.99,2018,35,4,59,71678
2018-02-05 04:59:00,999.99,2018,36,4,59,71758
2018-02-06 04:59:00,999.99,2018,37,4,59,71789
2018-02-07 04:59:00,999.99,2018,38,4,59,71830
2018-02-08 04:59:00,999.99,2018,39,4,59,71887
2018-02-09 04:59:00,999.99,2018,40,4,59,71921
2018-02-10 04:59:00,999.99,2018,41,4,59,71969
2018-02-11 04:59:00,999.99,2018,42,4,59,72017
2018-02-12 04:59:00,999.99,2018,43,4,59,72089
2018-02-13 04:59:00,999.99,2018,44,4,59,72128
2018-02-15 04:59:00,999.99,2018,46,4,59,72191
2018-02-16 04:59:00,999.99,2018,47,4,59,72233
2018-02-17 04:59:00,999.99,2018,48,4,59,72275
2018-02-18 02:56:00,999.99,2018,49,2,56,72316
2018-02-18 04:59:00,999.99,2018,49,4,59,72328
2018-02-19 04:59:00,999.99,2018,50,4,59,72371
2018-02-20 04:59:00,999.99,2018,51,4,59,72417
2018-02-21 04:59:00,999.99,2018,52,4,59,72479
2018-02-22 04:59:00,999.99,2018,53,4,59,72522
2018-02-23 04:59:00,999.99,2018,54,4,59,72575
2018-02-23 21:56:00,999.99,2018,54,21,56,72619
2018-02-24 01:56:00,999.99,2018,55,1,56,72636
2018-02-24 04:59:00,999.99,2018,55,4,59,72640
2018-02-25 04:59:00,999.99,2018,56,4,59,72705
2018-02-26 04:59:00,999.99,2018,57,4,59,72750
2018-02-27 04:59:00,999.99,2018,58,4,59,72783
2018-02-28 04:59:00,999.99,2018,59,4,59,72807
2018-03-01 04:59:00,999.99,2018,60,4,59,72830
2018-03-02 04:59:00,999.99,2018,61,4,59,72888
2018-03-02 12:31:00,999.99,2018,61,12,31,72909
2018-03-02 20:56:00,999.99,2018,61,20,56,72932
2018-03-02 22:28:00,999.99,2018,61,22,28,72935
2018-03-02 22:38:00,999.99,2018,61,22,38,72936
2018-03-02 22:56:00,999.99,2018,61,22,56,72937
2018-03-02 23:39:00,999.99,2018,61,23,39,72939
2018-03-02 23:56:00,999.99,2018,61,23,56,72940
2018-03-03 00:56:00,999.99,2018,62,0,56,72942
2018-03-03 01:41:00,999.99,2018,62,1,41,72944
2018-03-03 02:38:00,999.99,2018,62,2,38,72946
2018-03-03 02:53:00,999.99,2018,62,2,53,72947
2018-03-03 02:56:00,999.99,2018,62,2,56,72948
2018-03-03 03:11:00,999.99,2018,62,3,11,72950
2018-03-03 03:46:00,999.99,2018,62,3,46,72951
2018-03-03 03:53:00,999.99,2018,62,3,53,72952
2018-03-03 03:54:00,999.99,2018,62,3,54,72953
2018-03-03 04:16:00,999.99,2018,62,4,16,72955
2018-03-03 04:29:00,999.99,2018,62,4,29,72956
2018-03-03 04:56:00,999.99,2018,62,4,56,72957
2018-03-03 04:59:00,999.99,2018,62,4,59,72958
2018-03-03 06:56:00,999.99,2018,62,6,56,72961
2018-03-03 07:56:00,999.99,2018,62,7,56,72963
2018-03-03 08:56:00,999.99,2018,62,8,56,72965
2018-03-03 10:56:00,999.99,2018,62,10,56,72968
2018-03-04 03:56:00,999.99,2018,63,3,56,72986
2018-03-04 04:45:00,999.99,2018,63,4,45,72988
2018-03-04 04:56:00,999.99,2018,63,4,56,72989
2018-03-04 04:59:00,999.99,2018,63,4,59,72990
2018-03-04 05:56:00,999.99,2018,63,5,56,72992
2018-03-04 07:56:00,999.99,2018,63,7,56,72995
2018-03-04 08:56:00,999.99,2018,63,8,56,72997
2018-03-04 11:56:00,999.99,2018,63,11,56,73001
2018-03-04 13:23:00,999.99,2018,63,13,23,73004
2018-03-04 13:56:00,999.99,2018,63,13,56,73005
2018-03-04 15:56:00,999.99,2018,63,15,56,73008
2018-03-04 18:56:00,999.99,2018,63,18,56,73012
2018-03-05 04:59:00,999.99,2018,64,4,59,73023
2018-03-05 10:56:00,999.99,2018,64,10,56,73030
2018-03-06 04:59:00,999.99,2018,65,4,59,73053
2018-03-07 04:59:00,999.99,2018,66,4,59,73088
2018-03-08 04:59:00,999.99,2018,67,4,59,73165
2018-03-09 04:59:00,999.99,2018,68,4,59,73194
2018-03-10 04:59:00,999.99,2018,69,4,59,73259
2018-03-11 04:59:00,999.99,2018,70,4,59,73289
2018-03-11 13:56:00,999.99,2018,70,13,56,73307
2018-03-12 04:59:00,999.99,2018,71,4,59,73325
2018-03-13 03:56:00,999.99,2018,72,3,56,73360
2018-03-13 04:59:00,999.99,2018,72,4,59,73362
2018-03-14 04:59:00,999.99,2018,73,4,59,73424
2018-03-15 04:59:00,999.99,2018,74,4,59,73497
2018-03-16 04:59:00,999.99,2018,75,4,59,73526
2018-03-17 04:59:00,999.99,2018,76,4,59,73560
2018-03-18 04:59:00,999.99,2018,77,4,59,73589
2018-03-20 04:59:00,999.99,2018,79,4,59,73637
2018-03-21 15:56:00,999.99,2018,80,15,56,73672
2018-03-22 04:59:00,999.99,2018,81,4,59,73686
2018-03-23 04:59:00,999.99,2018,82,4,59,73711
2018-03-24 04:59:00,999.99,2018,83,4,59,73732
2018-03-25 04:59:00,999.99,2018,84,4,59,73756
2018-03-26 04:59:00,999.99,2018,85,4,59,73792
2018-03-27 04:59:00,999.99,2018,86,4,59,73816
2018-03-28 04:59:00,999.99,2018,87,4,59,73846
2018-03-29 04:59:00,999.99,2018,88,4,59,73888
2018-03-30 04:59:00,999.99,2018,89,4,59,73942
2018-03-31 04:59:00,999.99,2018,90,4,59,73977
2018-04-01 04:59:00,999.99,2018,91,4,59,74002
2018-04-02 04:59:00,999.99,2018,92,4,59,74038
2018-04-03 04:59:00,999.99,2018,93,4,59,74092
2018-04-04 02:44:00,999.99,2018,94,2,44,74130
2018-04-04 02:56:00,999.99,2018,94,2,56,74131
2018-04-04 03:18:00,999.99,2018,94,3,18,74133
2018-04-04 03:27:00,999.99,2018,94,3,27,74134
2018-04-04 03:45:00,999.99,2018,94,3,45,74135
2018-04-04 04:59:00,999.99,2018,94,4,59,74139
2018-04-05 04:59:00,999.99,2018,95,4,59,74182
2018-04-06 04:59:00,999.99,2018,96,4,59,74210
2018-04-07 04:59:00,999.99,2018,97,4,59,74262
2018-04-08 04:59:00,999.99,2018,98,4,59,74294
2018-04-09 04:59:00,999.99,2018,99,4,59,74320
2018-04-10 04:59:00,999.99,2018,100,4,59,74344
2018-04-12 04:59:00,999.99,2018,102,4,59,74407
2018-04-13 04:59:00,999.99,2018,103,4,59,74432
2018-04-14 04:59:00,999.99,2018,104,4,59,74459
2018-04-15 04:59:00,999.99,2018,105,4,59,74485
2018-04-15 21:56:00,999.99,2018,105,21,56,74511
2018-04-16 04:59:00,999.99,2018,106,4,59,74520
2018-04-16 05:56:00,999.99,2018,106,5,56,74522
2018-04-17 04:59:00,999.99,2018,107,4,59,74574
2018-04-17 23:56:00,999.99,2018,107,23,56,74619
2018-04-18 04:59:00,999.99,2018,108,4,59,74629
2018-04-18 09:56:00,999.99,2018,108,9,56,74636
2018-04-19 04:59:00,999.99,2018,109,4,59,74657
2018-04-19 11:56:00,999.99,2018,109,11,56,74680
2018-04-20 04:59:00,999.99,2018,110,4,59,74718
2018-04-21 04:59:00,999.99,2018,111,4,59,74747
2018-04-22 04:59:00,999.99,2018,112,4,59,74771
2018-04-23 04:59:00,999.99,2018,113,4,59,74796
2018-04-24 04:59:00,999.99,2018,114,4,59,74820
2018-04-25 04:59:00,999.99,2018,115,4,59,74847
2018-04-26 04:56:00,999.99,2018,116,4,56,74903
2018-04-26 04:59:00,999.99,2018,116,4,59,74904
2018-04-27 04:59:00,999.99,2018,117,4,59,74943
2018-04-28 04:59:00,999.99,2018,118,4,59,74989
2018-04-28 12:56:00,999.99,2018,118,12,56,75017
2018-04-29 04:59:00,999.99,2018,119,4,59,75039
2018-04-30 01:56:00,999.99,2018,120,1,56,75074
2018-04-30 04:59:00,999.99,2018,120,4,59,75078
2018-05-01 04:59:00,999.99,2018,121,4,59,75103
2018-06-02 04:59:00,999.99,2018,153,4,59,75166
2018-06-03 04:59:00,999.99,2018,154,4,59,75212
2018-06-04 04:59:00,999.99,2018,155,4,59,75258
2018-06-05 04:59:00,999.99,2018,156,4,59,75305
2018-06-06 04:59:00,999.99,2018,157,4,59,75334
2018-06-12 04:59:00,999.99,2018,163,4,59,75376
2018-06-13 04:59:00,999.99,2018,164,4,59,75401
2018-06-14 04:59:00,999.99,2018,165,4,59,75429
2018-06-15 04:59:00,999.99,2018,166,4,59,75453
2018-06-16 04:59:00,999.99,2018,167,4,59,75479
2018-06-17 04:59:00,999.99,2018,168,4,59,75504
2018-06-18 04:59:00,999.99,2018,169,4,59,75528
2018-06-19 04:59:00,999.99,2018,170,4,59,75561
2018-06-21 04:59:00,999.99,2018,172,4,59,75617
2018-06-22 04:59:00,999.99,2018,173,4,59,75642
2018-06-23 14:56:00,999.99,2018,174,14,56,75684
2018-06-23 20:56:00,999.99,2018,174,20,56,75696
2018-06-24 04:59:00,999.99,2018,175,4,59,75708
2018-06-25 04:59:00,999.99,2018,176,4,59,75765
2018-06-26 04:59:00,999.99,2018,177,4,59,75792
2018-06-27 04:59:00,999.99,2018,178,4,59,75816
2018-06-28 04:59:00,999.99,2018,179,4,59,75856
2018-06-29 04:59:00,999.99,2018,180,4,59,75895
2018-07-01 04:59:00,999.99,2018,182,4,59,75961
2018-07-02 04:59:00,999.99,2018,183,4,59,75987
2018-07-03 04:59:00,999.99,2018,184,4,59,76030
2018-07-04 04:59:00,999.99,2018,185,4,59,76060
2018-07-05 04:59:00,999.99,2018,186,4,59,76094
2018-07-06 04:59:00,999.99,2018,187,4,59,76157
2018-07-07 04:59:00,999.99,2018,188,4,59,76193
2018-07-08 04:59:00,999.99,2018,189,4,59,76218
2018-07-09 04:59:00,999.99,2018,190,4,59,76243
2018-07-10 04:59:00,999.99,2018,191,4,59,76268
2018-07-11 04:59:00,999.99,2018,192,4,59,76294
2018-07-12 04:59:00,999.99,2018,193,4,59,76319
2018-07-14 04:59:00,999.99,2018,195,4,59,76367
2018-07-15 00:56:00,999.99,2018,196,0,56,76390
2018-07-15 04:59:00,999.99,2018,196,4,59,76395
2018-07-15 23:56:00,999.99,2018,196,23,56,76415
2018-07-16 00:56:00,999.99,2018,197,0,56,76417
2018-07-16 04:59:00,999.99,2018,197,4,59,76421
2018-07-16 18:42:00,999.99,2018,197,18,42,76435
2018-07-16 18:53:00,999.99,2018,197,18,53,76436
2018-07-16 18:56:00,999.99,2018,197,18,56,76437
2018-07-16 19:35:00,999.99,2018,197,19,35,76439
2018-07-16 19:56:00,999.99,2018,197,19,56,76440
2018-07-17 04:59:00,999.99,2018,198,4,59,76449
2018-07-17 15:56:00,999.99,2018,198,15,56,76461
2018-07-17 16:56:00,999.99,2018,198,16,56,76463
2018-07-17 17:56:00,999.99,2018,198,17,56,76465
2018-07-18 04:59:00,999.99,2018,199,4,59,76477
2018-07-19 04:59:00,999.99,2018,200,4,59,76502
2018-07-19 10:56:00,999.99,2018,200,10,56,76509
2018-07-20 04:59:00,999.99,2018,201,4,59,76528
2018-07-20 14:56:00,999.99,2018,201,14,56,76539
2018-07-20 16:56:00,999.99,2018,201,16,56,76542
2018-07-20 18:56:00,999.99,2018,201,18,56,76545
2018-07-21 04:59:00,999.99,2018,202,4,59,76556
2018-07-21 07:56:00,999.99,2018,202,7,56,76560
2018-07-21 08:42:00,999.99,2018,202,8,42,76562
2018-07-21 08:56:00,999.99,2018,202,8,56,76563
2018-07-21 10:56:00,999.99,2018,202,10,56,76566
2018-07-21 13:48:00,999.99,2018,202,13,48,76570
2018-07-21 13:56:00,999.99,2018,202,13,56,76571
2018-07-22 03:56:00,999.99,2018,203,3,56,76586
2018-07-22 04:23:00,999.99,2018,203,4,23,76588
2018-07-22 04:56:00,999.99,2018,203,4,56,76589
2018-07-22 04:59:00,999.99,2018,203,4,59,76590
2018-07-22 05:56:00,999.99,2018,203,5,56,76592
2018-07-22 11:51:00,999.99,2018,203,11,51,76599
2018-07-22 11:56:00,999.99,2018,203,11,56,76600
2018-07-22 13:14:00,999.99,2018,203,13,14,76603
2018-07-22 13:54:00,999.99,2018,203,13,54,76604
2018-07-22 13:56:00,999.99,2018,203,13,56,76605
2018-07-22 15:56:00,999.99,2018,203,15,56,76608
2018-07-22 17:30:00,999.99,2018,203,17,30,76611
2018-07-22 17:56:00,999.99,2018,203,17,56,76612
2018-07-22 18:42:00,999.99,2018,203,18,42,76614
2018-07-22 18:56:00,999.99,2018,203,18,56,76615
2018-07-22 20:56:00,999.99,2018,203,20,56,76618
2018-07-22 21:52:00,999.99,2018,203,21,52,76620
2018-07-22 21:56:00,999.99,2018,203,21,56,76621
2018-07-22 22:56:00,999.99,2018,203,22,56,76623
2018-07-22 23:56:00,999.99,2018,203,23,56,76625
2018-07-23 00:21:00,999.99,2018,204,0,21,76627
2018-07-23 00:31:00,999.99,2018,204,0,31,76628
2018-07-23 00:44:00,999.99,2018,204,0,44,76629
2018-07-23 00:54:00,999.99,2018,204,0,54,76630
2018-07-23 00:56:00,999.99,2018,204,0,56,76631
2018-07-23 01:53:00,999.99,2018,204,1,53,76633
2018-07-23 01:56:00,999.99,2018,204,1,56,76634
2018-07-23 04:42:00,999.99,2018,204,4,42,76638
2018-07-23 04:56:00,999.99,2018,204,4,56,76639
2018-07-23 04:59:00,999.99,2018,204,4,59,76640
2018-07-23 05:56:00,999.99,2018,204,5,56,76642
2018-07-23 06:43:00,999.99,2018,204,6,43,76644
2018-07-23 06:48:00,999.99,2018,204,6,48,76645
2018-07-23 06:56:00,999.99,2018,204,6,56,76646
2018-07-23 08:40:00,999.99,2018,204,8,40,76649
2018-07-23 08:56:00,999.99,2018,204,8,56,76650
2018-07-23 09:56:00,999.99,2018,204,9,56,76652
2018-07-23 10:39:00,999.99,2018,204,10,39,76654
2018-07-23 10:42:00,999.99,2018,204,10,42,76655
2018-07-23 10:49:00,999.99,2018,204,10,49,76656
2018-07-23 10:56:00,999.99,2018,204,10,56,76657
2018-07-23 11:40:00,999.99,2018,204,11,40,76659
2018-07-23 11:56:00,999.99,2018,204,11,56,76660
2018-07-23 12:52:00,999.99,2018,204,12,52,76662
2018-07-23 12:56:00,999.99,2018,204,12,56,76663
2018-07-23 13:56:00,999.99,2018,204,13,56,76665
2018-07-23 14:40:00,999.99,2018,204,14,40,76667
2018-07-23 14:56:00,999.99,2018,204,14,56,76668
2018-07-23 15:22:00,999.99,2018,204,15,22,76670
2018-07-23 15:56:00,999.99,2018,204,15,56,76671
2018-07-23 16:28:00,999.99,2018,204,16,28,76673
2018-07-23 16:56:00,999.99,2018,204,16,56,76674
2018-07-23 17:56:00,999.99,2018,204,17,56,76676
2018-07-23 18:11:00,999.99,2018,204,18,11,76678
2018-07-23 18:33:00,999.99,2018,204,18,33,76679
2018-07-23 18:47:00,999.99,2018,204,18,47,76680
2018-07-23 18:53:00,999.99,2018,204,18,53,76681
2018-07-23 18:56:00,999.99,2018,204,18,56,76682
2018-07-23 19:23:00,999.99,2018,204,19,23,76684
2018-07-23 19:34:00,999.99,2018,204,19,34,76685
2018-07-23 19:56:00,999.99,2018,204,19,56,76686
2018-07-23 20:22:00,999.99,2018,204,20,22,76688
2018-07-24 04:59:00,999.99,2018,205,4,59,76708
2018-07-25 04:59:00,999.99,2018,206,4,59,76741
2018-07-25 15:56:00,999.99,2018,206,15,56,76753
2018-07-26 04:59:00,999.99,2018,207,4,59,76767
2018-07-26 11:56:00,999.99,2018,207,11,56,76775
2018-07-26 12:56:00,999.99,2018,207,12,56,76777
2018-07-27 04:59:00,999.99,2018,208,4,59,76796
2018-07-28 04:59:00,999.99,2018,209,4,59,76833
2018-07-29 04:59:00,999.99,2018,210,4,59,76871
2018-07-30 04:59:00,999.99,2018,211,4,59,76894
2018-07-31 04:59:00,999.99,2018,212,4,59,76918
2018-08-01 04:59:00,999.99,2018,213,4,59,76945
2018-08-02 04:59:00,999.99,2018,214,4,59,77007
2018-08-03 04:59:00,999.99,2018,215,4,59,77064
2018-08-04 04:59:00,999.99,2018,216,4,59,77133
2018-08-05 04:59:00,999.99,2018,217,4,59,77177
2018-08-06 04:59:00,999.99,2018,218,4,59,77209
2018-08-07 04:59:00,999.99,2018,219,4,59,77234
2018-08-08 04:59:00,999.99,2018,220,4,59,77285
2018-08-09 04:59:00,999.99,2018,221,4,59,77334
2018-08-10 04:59:00,999.99,2018,222,4,59,77369
2018-08-11 04:59:00,999.99,2018,223,4,59,77394
2018-08-12 04:59:00,999.99,2018,224,4,59,77443
2018-08-13 04:59:00,999.99,2018,225,4,59,77497
2018-08-14 04:59:00,999.99,2018,226,4,59,77544
2018-08-15 04:59:00,999.99,2018,227,4,59,77596
2018-08-16 04:59:00,999.99,2018,228,4,59,77630
2018-08-17 04:59:00,999.99,2018,229,4,59,77654
2018-08-18 04:59:00,999.99,2018,230,4,59,77715
2018-08-19 04:59:00,999.99,2018,231,4,59,77761
2018-08-20 04:59:00,999.99,2018,232,4,59,77796
2018-08-21 04:59:00,999.99,2018,233,4,59,77831
2018-08-22 04:59:00,999.99,2018,234,4,59,77867
2018-08-23 04:59:00,999.99,2018,235,4,59,77916
2018-08-24 04:59:00,999.99,2018,236,4,59,77944
2018-08-25 04:59:00,999.99,2018,237,4,59,77969
2018-08-26 04:59:00,999.99,2018,238,4,59,77998
2018-08-27 04:59:00,999.99,2018,239,4,59,78030
2018-08-28 04:59:00,999.99,2018,240,4,59,78089
2018-08-29 04:59:00,999.99,2018,241,4,59,78141
2018-08-30 04:59:00,999.99,2018,242,4,59,78185
2018-08-31 04:59:00,999.99,2018,243,4,59,78213
2018-09-01 04:59:00,999.99,2018,244,4,59,78244
2018-09-02 04:59:00,999.99,2018,245,4,59,78284
2018-09-03 04:59:00,999.99,2018,246,4,59,78323
2018-09-04 04:59:00,999.99,2018,247,4,59,78372
2018-09-05 04:59:00,999.99,2018,248,4,59,78406
2018-09-06 04:59:00,999.99,2018,249,4,59,78431
2018-09-07 04:59:00,999.99,2018,250,4,59,78499
2018-09-08 04:59:00,999.99,2018,251,4,59,78556
2018-09-10 04:59:00,999.99,2018,253,4,59,78609
2018-09-11 04:59:00,999.99,2018,254,4,59,78644
2018-09-12 04:59:00,999.99,2018,255,4,59,78692
2018-09-13 04:31:00,999.99,2018,256,4,31,78768
2018-09-13 04:44:00,999.99,2018,256,4,44,78769
2018-09-13 04:56:00,999.99,2018,256,4,56,78770
2018-09-13 04:59:00,999.99,2018,256,4,59,78771
2018-09-14 04:59:00,999.99,2018,257,4,59,78815
2018-09-15 04:59:00,999.99,2018,258,4,59,78869
2018-09-16 04:59:00,999.99,2018,259,4,59,78930
2018-09-17 08:56:00,999.99,2018,260,8,56,78983
2018-09-17 09:22:00,999.99,2018,260,9,22,78985
2018-09-17 09:25:00,999.99,2018,260,9,25,78986
2018-09-17 09:56:00,999.99,2018,260,9,56,78987
2018-09-17 10:42:00,999.99,2018,260,10,42,78990
2018-09-17 10:49:00,999.99,2018,260,10,49,78991
2018-09-17 10:56:00,999.99,2018,260,10,56,78992
2018-09-17 12:13:00,999.99,2018,260,12,13,78995
2018-09-18 04:59:00,999.99,2018,261,4,59,79049
2018-09-19 04:59:00,999.99,2018,262,4,59,79100
2018-09-20 04:59:00,999.99,2018,263,4,59,79146
2018-09-21 04:59:00,999.99,2018,264,4,59,79187
2018-09-22 04:59:00,999.99,2018,265,4,59,79223
2018-09-23 04:59:00,999.99,2018,266,4,59,79253
2018-09-24 04:59:00,999.99,2018,267,4,59,79290
2018-09-24 09:22:00,999.99,2018,267,9,22,79297
2018-09-24 09:27:00,999.99,2018,267,9,27,79298
2018-09-24 09:56:00,999.99,2018,267,9,56,79299
2018-09-25 04:59:00,999.99,2018,268,4,59,79328
2018-09-26 04:59:00,999.99,2018,269,4,59,79369
2018-09-27 04:59:00,999.99,2018,270,4,59,79424
2018-09-28 04:59:00,999.99,2018,271,4,59,79461
2018-09-29 04:59:00,999.99,2018,272,4,59,79522
2018-09-30 04:59:00,999.99,2018,273,4,59,79583
2018-10-01 04:59:00,999.99,2018,274,4,59,79612
2018-10-02 04:59:00,999.99,2018,275,4,59,79648
2018-10-03 04:59:00,999.99,2018,276,4,59,79717
2018-10-04 04:59:00,999.99,2018,277,4,59,79773
2018-10-05 04:59:00,999.99,2018,278,4,59,79838
2018-10-06 04:59:00,999.99,2018,279,4,59,79883
2018-10-07 04:59:00,999.99,2018,280,4,59,79937
2018-10-08 04:59:00,999.99,2018,281,4,59,79992
2018-10-09 03:17:00,999.99,2018,282,3,17,80050
2018-10-09 03:29:00,999.99,2018,282,3,29,80051
2018-10-09 03:46:00,999.99,2018,282,3,46,80052
2018-10-09 03:56:00,999.99,2018,282,3,56,80053
2018-10-09 04:59:00,999.99,2018,282,4,59,80056
2018-10-09 06:56:00,999.99,2018,282,6,56,80059
2018-10-10 04:59:00,999.99,2018,283,4,59,80101
2018-10-11 04:59:00,999.99,2018,284,4,59,80145
2018-10-12 04:59:00,999.99,2018,285,4,59,80204
2018-10-13 04:59:00,999.99,2018,286,4,59,80232
2018-10-14 04:59:00,999.99,2018,287,4,59,80275
2018-10-15 04:59:00,999.99,2018,288,4,59,80302
2018-10-16 04:59:00,999.99,2018,289,4,59,80365
2018-10-18 04:59:00,999.99,2018,291,4,59,80422
2018-10-19 04:59:00,999.99,2018,292,4,59,80453
2018-10-20 04:59:00,999.99,2018,293,4,59,80478
2018-10-21 04:59:00,999.99,2018,294,4,59,80516
2018-10-22 04:59:00,999.99,2018,295,4,59,80554
2018-10-23 04:59:00,999.99,2018,296,4,59,80580
2018-10-24 04:59:00,999.99,2018,297,4,59,80609
2018-10-25 04:59:00,999.99,2018,298,4,59,80645
2018-10-26 04:59:00,999.99,2018,299,4,59,80674
2018-10-27 04:59:00,999.99,2018,300,4,59,80702
2018-10-28 04:59:00,999.99,2018,301,4,59,80757
2018-10-29 04:59:00,999.99,2018,302,4,59,80824
2018-10-30 04:59:00,999.99,2018,303,4,59,80885
2018-10-31 04:59:00,999.99,2018,304,4,59,80913
2018-11-01 04:59:00,999.99,2018,305,4,59,80944
2018-11-02 04:59:00,999.99,2018,306,4,59,80980
2018-11-03 04:59:00,999.99,2018,307,4,59,81018
2018-11-04 04:59:00,999.99,2018,308,4,59,81072
2018-11-05 04:59:00,999.99,2018,309,4,59,81097
2018-11-06 04:59:00,999.99,2018,310,4,59,81149
2018-11-07 04:59:00,999.99,2018,311,4,59,81225
2018-11-08 04:59:00,999.99,2018,312,4,59,81250
2018-11-09 04:59:00,999.99,2018,313,4,59,81277
2018-11-10 04:59:00,999.99,2018,314,4,59,81316
2018-11-11 04:59:00,999.99,2018,315,4,59,81373
2018-11-12 04:59:00,999.99,2018,316,4,59,81397
2018-11-13 04:59:00,999.99,2018,317,4,59,81426
2018-11-13 06:56:00,999.99,2018,317,6,56,81433
2018-11-14 04:59:00,999.99,2018,318,4,59,81501
2018-11-15 04:59:00,999.99,2018,319,4,59,81525
2018-11-16 04:59:00,999.99,2018,320,4,59,81574
2018-11-17 04:59:00,999.99,2018,321,4,59,81630
2018-11-18 04:59:00,999.99,2018,322,4,59,81664
2018-11-19 04:59:00,999.99,2018,323,4,59,81695
2018-11-19 11:53:00,999.99,2018,323,11,53,81716
2018-11-19 11:56:00,999.99,2018,323,11,56,81717
2018-11-19 21:56:00,999.99,2018,323,21,56,81754
2018-11-19 23:38:00,999.99,2018,323,23,38,81760
2018-11-20 00:09:00,999.99,2018,324,0,9,81764
2018-11-20 00:20:00,999.99,2018,324,0,20,81765
2018-11-20 04:59:00,999.99,2018,324,4,59,81778
2018-11-20 12:44:00,999.99,2018,324,12,44,81800
2018-11-20 12:56:00,999.99,2018,324,12,56,81801
2018-11-20 14:15:00,999.99,2018,324,14,15,81807
2018-11-20 14:30:00,999.99,2018,324,14,30,81808
2018-11-20 14:56:00,999.99,2018,324,14,56,81809
2018-11-20 15:39:00,999.99,2018,324,15,39,81811
2018-11-20 15:47:00,999.99,2018,324,15,47,81812
2018-11-20 15:56:00,999.99,2018,324,15,56,81813
2018-11-20 16:13:00,999.99,2018,324,16,13,81815
2018-11-20 16:22:00,999.99,2018,324,16,22,81816
2018-11-21 04:59:00,999.99,2018,325,4,59,81840
2018-11-21 20:41:00,999.99,2018,325,20,41,81861
2018-11-21 20:47:00,999.99,2018,325,20,47,81862
2018-11-21 20:54:00,999.99,2018,325,20,54,81863
2018-11-22 04:59:00,999.99,2018,326,4,59,81880
2018-11-23 04:59:00,999.99,2018,327,4,59,81905
2018-11-24 04:59:00,999.99,2018,328,4,59,81930
2018-11-25 04:59:00,999.99,2018,329,4,59,81979
2018-11-26 04:59:00,999.99,2018,330,4,59,82025
2018-11-27 04:59:00,999.99,2018,331,4,59,82067
2018-11-28 04:59:00,999.99,2018,332,4,59,82119
2018-11-29 04:59:00,999.99,2018,333,4,59,82157
2018-11-30 04:59:00,999.99,2018,334,4,59,82183
2018-12-01 04:59:00,999.99,2018,335,4,59,82223
2018-12-02 04:59:00,999.99,2018,336,4,59,82258
2018-12-03 04:59:00,999.99,2018,337,4,59,82308
2018-12-04 04:59:00,999.99,2018,338,4,59,82352
2018-12-05 04:59:00,999.99,2018,339,4,59,82383
2018-12-06 04:59:00,999.99,2018,340,4,59,82408
2018-12-07 04:59:00,999.99,2018,341,4,59,82446
2018-12-08 04:59:00,999.99,2018,342,4,59,82490
2018-12-09 04:59:00,999.99,2018,343,4,59,82527
2018-12-10 04:59:00,999.99,2018,344,4,59,82553
2018-12-11 04:59:00,999.99,2018,345,4,59,82580
2018-12-12 04:59:00,999.99,2018,346,4,59,82605
2018-12-13 04:59:00,999.99,2018,347,4,59,82634
2018-12-14 04:59:00,999.99,2018,348,4,59,82675
2018-12-15 04:59:00,999.99,2018,349,4,59,82724
2018-12-16 04:59:00,999.99,2018,350,4,59,82786
2018-12-16 21:37:00,999.99,2018,350,21,37,82812
2018-12-16 21:44:00,999.99,2018,350,21,44,82813
2018-12-16 21:56:00,999.99,2018,350,21,56,82814
2018-12-17 04:59:00,999.99,2018,351,4,59,82834
2018-12-18 04:59:00,999.99,2018,352,4,59,82892
2018-12-19 04:59:00,999.99,2018,353,4,59,82925
2018-12-20 04:59:00,999.99,2018,354,4,59,82950
2018-12-21 04:59:00,999.99,2018,355,4,59,82989
2018-12-22 04:59:00,999.99,2018,356,4,59,83053
2018-12-23 04:59:00,999.99,2018,357,4,59,83094
2018-12-24 04:59:00,999.99,2018,358,4,59,83120
2018-12-25 04:59:00,999.99,2018,359,4,59,83177
2018-12-26 04:59:00,999.99,2018,360,4,59,83214
2018-12-27 04:59:00,999.99,2018,361,4,59,83241
2018-12-28 04:59:00,999.99,2018,362,4,59,83269
2018-12-29 04:59:00,999.99,2018,363,4,59,83342
2018-12-30 04:59:00,999.99,2018,364,4,59,83383
2018-12-31 04:59:00,999.99,2018,365,4,59,83434
2019-01-01 04:59:00,999.99,2019,1,4,59,83478
2019-01-02 04:59:00,999.99,2019,2,4,59,83528
2019-01-03 04:59:00,999.99,2019,3,4,59,83557
2019-01-04 04:59:00,999.99,2019,4,4,59,83608
2019-01-05 04:59:00,999.99,2019,5,4,59,83637
2019-01-06 04:59:00,999.99,2019,6,4,59,83700
2019-01-07 04:59:00,999.99,2019,7,4,59,83756
2019-01-08 04:59:00,999.99,2019,8,4,59,83783
2019-01-09 04:59:00,999.99,2019,9,4,59,83846
2019-01-10 04:59:00,999.99,2019,10,4,59,83892
2019-01-11 04:59:00,999.99,2019,11,4,59,83944
2019-01-12 04:59:00,999.99,2019,12,4,59,83972
2019-01-13 04:59:00,999.99,2019,13,4,59,83996
2019-01-14 04:59:00,999.99,2019,14,4,59,84021
2019-01-15 04:59:00,999.99,2019,15,4,59,84046
2019-01-16 04:59:00,999.99,2019,16,4,59,84081
2019-01-17 04:59:00,999.99,2019,17,4,59,84110
2019-01-18 04:59:00,999.99,2019,18,4,59,84139
2019-01-18 07:46:00,999.99,2019,18,7,46,84148
2019-01-18 07:56:00,999.99,2019,18,7,56,84149
2019-01-19 04:59:00,999.99,2019,19,4,59,84186
2019-01-20 04:59:00,999.99,2019,20,4,59,84235
2019-01-21 04:59:00,999.99,2019,21,4,59,84307
2019-01-22 04:59:00,999.99,2019,22,4,59,84366
2019-01-23 04:59:00,999.99,2019,23,4,59,84397
2019-01-24 04:59:00,999.99,2019,24,4,59,84428
2019-01-25 04:59:00,999.99,2019,25,4,59,84491
2019-01-26 04:59:00,999.99,2019,26,4,59,84518
2019-01-27 04:59:00,999.99,2019,27,4,59,84542
2019-01-28 04:59:00,999.99,2019,28,4,59,84579
2019-01-29 04:59:00,999.99,2019,29,4,59,84604
2019-01-30 04:59:00,999.99,2019,30,4,59,84675
2019-01-31 04:59:00,999.99,2019,31,4,59,84729
2019-02-01 04:59:00,999.99,2019,32,4,59,84754
2019-02-02 04:59:00,999.99,2019,33,4,59,84779
2019-02-03 04:59:00,999.99,2019,34,4,59,84804
2019-02-04 04:59:00,999.99,2019,35,4,59,84830
2019-02-05 04:59:00,999.99,2019,36,4,59,84863
2019-02-06 04:59:00,999.99,2019,37,4,59,84900
2019-02-07 02:56:00,999.99,2019,38,2,56,84930
2019-02-07 03:56:00,999.99,2019,38,3,56,84932
2019-02-07 04:59:00,999.99,2019,38,4,59,84934
2019-02-08 04:59:00,999.99,2019,39,4,59,85002
2019-02-09 04:59:00,999.99,2019,40,4,59,85062
2019-02-10 04:59:00,999.99,2019,41,4,59,85089
2019-02-11 04:59:00,999.99,2019,42,4,59,85114
2019-02-12 04:59:00,999.99,2019,43,4,59,85139
2019-02-13 04:59:00,999.99,2019,44,4,59,85204
2019-02-14 04:59:00,999.99,2019,45,4,59,85243
2019-02-15 04:59:00,999.99,2019,46,4,59,85272
2019-02-16 04:59:00,999.99,2019,47,4,59,85297
2019-02-18 04:59:00,999.99,2019,49,4,59,85370
2019-02-19 04:59:00,999.99,2019,50,4,59,85422
2019-02-20 04:59:00,999.99,2019,51,4,59,85448
2019-02-21 04:59:00,999.99,2019,52,4,59,85499
2019-02-22 04:59:00,999.99,2019,53,4,59,85541
2019-02-23 04:59:00,999.99,2019,54,4,59,85573
2019-02-24 04:59:00,999.99,2019,55,4,59,85605
2019-02-25 04:59:00,999.99,2019,56,4,59,85664
2019-02-26 04:59:00,999.99,2019,57,4,59,85692
2019-02-26 12:56:00,999.99,2019,57,12,56,85701
2019-02-26 14:56:00,999.99,2019,57,14,56,85704
2019-02-27 04:59:00,999.99,2019,58,4,59,85718
2019-02-27 14:56:00,999.99,2019,58,14,56,85729
2019-02-27 15:14:00,999.99,2019,58,15,14,85731
2019-02-27 15:37:00,999.99,2019,58,15,37,85732
2019-02-28 04:59:00,999.99,2019,59,4,59,85764
2019-03-01 04:59:00,999.99,2019,60,4,59,85800
2019-03-02 04:59:00,999.99,2019,61,4,59,85838
2019-03-03 04:59:00,999.99,2019,62,4,59,85886
2019-03-04 04:59:00,999.99,2019,63,4,59,85948
2019-03-05 04:59:00,999.99,2019,64,4,59,85982
2019-03-07 04:59:00,999.99,2019,66,4,59,86038
2019-03-08 04:59:00,999.99,2019,67,4,59,86075
2019-03-09 04:59:00,999.99,2019,68,4,59,86101
2019-03-10 04:59:00,999.99,2019,69,4,59,86126
2019-03-10 22:56:00,999.99,2019,69,22,56,86180
2019-03-11 04:59:00,999.99,2019,70,4,59,86192
2019-03-12 04:59:00,999.99,2019,71,4,59,86225
2019-03-13 04:59:00,999.99,2019,72,4,59,86256
2019-03-14 04:59:00,999.99,2019,73,4,59,86281
2019-03-15 04:59:00,999.99,2019,74,4,59,86306
2019-03-16 04:59:00,999.99,2019,75,4,59,86336
2019-03-17 04:59:00,999.99,2019,76,4,59,86362
2019-03-18 04:59:00,999.99,2019,77,4,59,86390
2019-03-19 04:59:00,999.99,2019,78,4,59,86415
2019-03-20 04:59:00,999.99,2019,79,4,59,86439
2019-03-21 04:59:00,999.99,2019,80,4,59,86465
2019-03-22 04:59:00,999.99,2019,81,4,59,86509
2019-03-23 04:59:00,999.99,2019,82,4,59,86578
2019-03-26 04:59:00,999.99,2019,85,4,59,86605
2019-03-27 04:59:00,999.99,2019,86,4,59,86628
2019-03-29 04:59:00,999.99,2019,88,4,59,86675
2019-03-30 04:59:00,999.99,2019,89,4,59,86729
2019-03-31 04:59:00,999.99,2019,90,4,59,86767
2019-04-01 04:59:00,999.99,2019,91,4,59,86800
2019-04-02 04:59:00,999.99,2019,92,4,59,86831
2019-04-03 04:59:00,999.99,2019,93,4,59,86856
2019-04-04 04:59:00,999.99,2019,94,4,59,86881
2019-04-05 04:59:00,999.99,2019,95,4,59,86902
2019-04-06 04:59:00,999.99,2019,96,4,59,86950
2019-04-06 10:24:00,999.99,2019,96,10,24,86969
2019-04-06 10:27:00,999.99,2019,96,10,27,86970
2019-04-07 04:59:00,999.99,2019,97,4,59,87000
2019-04-08 04:59:00,999.99,2019,98,4,59,87027
2019-04-09 04:59:00,999.99,2019,99,4,59,87062
2019-04-10 04:59:00,999.99,2019,100,4,59,87105
2019-04-11 04:59:00,999.99,2019,101,4,59,87134
2019-04-12 04:59:00,999.99,2019,102,4,59,87159
2019-04-13 04:59:00,999.99,2019,103,4,59,87204
2019-04-14 04:59:00,999.99,2019,104,4,59,87248
2019-04-15 04:59:00,999.99,2019,105,4,59,87280
2019-04-16 04:59:00,999.99,2019,106,4,59,87319
2019-04-17 04:59:00,999.99,2019,107,4,59,87344
2019-04-18 04:59:00,999.99,2019,108,4,59,87384
2019-04-19 04:59:00,999.99,2019,109,4,59,87415
2019-04-20 04:59:00,999.99,2019,110,4,59,87486
2019-04-21 04:59:00,999.99,2019,111,4,59,87543
2019-04-22 04:59:00,999.99,2019,112,4,59,87578
2019-04-23 04:59:00,999.99,2019,113,4,59,87605
2019-04-24 04:59:00,999.99,2019,114,4,59,87634
2019-04-25 04:59:00,999.99,2019,115,4,59,87662
2019-04-26 04:59:00,999.99,2019,116,4,59,87687
2019-04-27 04:59:00,999.99,2019,117,4,59,87740
2019-04-28 04:59:00,999.99,2019,118,4,59,87778
2019-04-29 04:59:00,999.99,2019,119,4,59,87817
2019-04-30 04:59:00,999.99,2019,120,4,59,87844
2019-05-01 04:59:00,999.99,2019,121,4,59,87888
2019-05-02 04:59:00,999.99,2019,122,4,59,87925
2019-05-03 04:59:00,999.99,2019,123,4,59,87978
2019-05-04 04:59:00,999.99,2019,124,4,59,88044
2019-05-05 04:59:00,999.99,2019,125,4,59,88112
2019-05-06 04:59:00,999.99,2019,126,4,59,88158
2019-05-07 04:59:00,999.99,2019,127,4,59,88200
2019-05-08 04:59:00,999.99,2019,128,4,59,88243
2019-05-09 04:59:00,999.99,2019,129,4,59,88268
2019-05-10 04:59:00,999.99,2019,130,4,59,88296
2019-05-11 04:59:00,999.99,2019,131,4,59,88339
2019-05-12 04:59:00,999.99,2019,132,4,59,88369
2019-05-13 04:59:00,999.99,2019,133,4,59,88411
2019-05-14 04:59:00,999.99,2019,134,4,59,88463
2019-05-15 04:59:00,999.99,2019,135,4,59,88509
2019-05-16 04:59:00,999.99,2019,136,4,59,88541
